conversation_id	transcript_path	note_path	conversation_path
synth_001	data/synthetic/Claude/transcripts/synth_001.txt	data/synthetic/Claude/refs/synth_001.json	data/synthetic/Claude/conversations/synth_001.json
synth_002	data/synthetic/Claude/transcripts/synth_002.txt	data/synthetic/Claude/refs/synth_002.json	data/synthetic/Claude/conversations/synth_002.json
synth_003	data/synthetic/Claude/transcripts/synth_003.txt	data/synthetic/Claude/refs/synth_003.json	data/synthetic/Claude/conversations/synth_003.json
synth_005	data/synthetic/Claude/transcripts/synth_005.txt	data/synthetic/Claude/refs/synth_005.json	data/synthetic/Claude/conversations/synth_005.json
synth_006	data/synthetic/Claude/transcripts/synth_006.txt	data/synthetic/Claude/refs/synth_006.json	data/synthetic/Claude/conversations/synth_006.json
synth_008	data/synthetic/Claude/transcripts/synth_008.txt	data/synthetic/Claude/refs/synth_008.json	data/synthetic/Claude/conversations/synth_008.json
synth_009	data/synthetic/Claude/transcripts/synth_009.txt	data/synthetic/Claude/refs/synth_009.json	data/synthetic/Claude/conversations/synth_009.json
synth_010	data/synthetic/Claude/transcripts/synth_010.txt	data/synthetic/Claude/refs/synth_010.json	data/synthetic/Claude/conversations/synth_010.json
synth_011	data/synthetic/Claude/transcripts/synth_011.txt	data/synthetic/Claude/refs/synth_011.json	data/synthetic/Claude/conversations/synth_011.json
synth_012	data/synthetic/Claude/transcripts/synth_012.txt	data/synthetic/Claude/refs/synth_012.json	data/synthetic/Claude/conversations/synth_012.json
synth_013	data/synthetic/Claude/transcripts/synth_013.txt	data/synthetic/Claude/refs/synth_013.json	data/synthetic/Claude/conversations/synth_013.json
synth_016	data/synthetic/Claude/transcripts/synth_016.txt	data/synthetic/Claude/refs/synth_016.json	data/synthetic/Claude/conversations/synth_016.json
synth_017	data/synthetic/Claude/transcripts/synth_017.txt	data/synthetic/Claude/refs/synth_017.json	data/synthetic/Claude/conversations/synth_017.json
synth_018	data/synthetic/Claude/transcripts/synth_018.txt	data/synthetic/Claude/refs/synth_018.json	data/synthetic/Claude/conversations/synth_018.json
synth_024	data/synthetic/Claude/transcripts/synth_024.txt	data/synthetic/Claude/refs/synth_024.json	data/synthetic/Claude/conversations/synth_024.json
synth_025	data/synthetic/Claude/transcripts/synth_025.txt	data/synthetic/Claude/refs/synth_025.json	data/synthetic/Claude/conversations/synth_025.json
synth_027	data/synthetic/Claude/transcripts/synth_027.txt	data/synthetic/Claude/refs/synth_027.json	data/synthetic/Claude/conversations/synth_027.json
synth_028	data/synthetic/Claude/transcripts/synth_028.txt	data/synthetic/Claude/refs/synth_028.json	data/synthetic/Claude/conversations/synth_028.json
synth_029	data/synthetic/Claude/transcripts/synth_029.txt	data/synthetic/Claude/refs/synth_029.json	data/synthetic/Claude/conversations/synth_029.json
synth_030	data/synthetic/Claude/transcripts/synth_030.txt	data/synthetic/Claude/refs/synth_030.json	data/synthetic/Claude/conversations/synth_030.json
synth_031	data/synthetic/Claude/transcripts/synth_031.txt	data/synthetic/Claude/refs/synth_031.json	data/synthetic/Claude/conversations/synth_031.json
synth_032	data/synthetic/Claude/transcripts/synth_032.txt	data/synthetic/Claude/refs/synth_032.json	data/synthetic/Claude/conversations/synth_032.json
synth_033	data/synthetic/Claude/transcripts/synth_033.txt	data/synthetic/Claude/refs/synth_033.json	data/synthetic/Claude/conversations/synth_033.json
synth_034	data/synthetic/Claude/transcripts/synth_034.txt	data/synthetic/Claude/refs/synth_034.json	data/synthetic/Claude/conversations/synth_034.json
synth_035	data/synthetic/Claude/transcripts/synth_035.txt	data/synthetic/Claude/refs/synth_035.json	data/synthetic/Claude/conversations/synth_035.json
synth_036	data/synthetic/Claude/transcripts/synth_036.txt	data/synthetic/Claude/refs/synth_036.json	data/synthetic/Claude/conversations/synth_036.json
synth_037	data/synthetic/Claude/transcripts/synth_037.txt	data/synthetic/Claude/refs/synth_037.json	data/synthetic/Claude/conversations/synth_037.json
synth_040	data/synthetic/Claude/transcripts/synth_040.txt	data/synthetic/Claude/refs/synth_040.json	data/synthetic/Claude/conversations/synth_040.json
synth_041	data/synthetic/Claude/transcripts/synth_041.txt	data/synthetic/Claude/refs/synth_041.json	data/synthetic/Claude/conversations/synth_041.json
synth_042	data/synthetic/Claude/transcripts/synth_042.txt	data/synthetic/Claude/refs/synth_042.json	data/synthetic/Claude/conversations/synth_042.json
synth_043	data/synthetic/Claude/transcripts/synth_043.txt	data/synthetic/Claude/refs/synth_043.json	data/synthetic/Claude/conversations/synth_043.json
synth_044	data/synthetic/Claude/transcripts/synth_044.txt	data/synthetic/Claude/refs/synth_044.json	data/synthetic/Claude/conversations/synth_044.json
synth_045	data/synthetic/Claude/transcripts/synth_045.txt	data/synthetic/Claude/refs/synth_045.json	data/synthetic/Claude/conversations/synth_045.json
synth_047	data/synthetic/Claude/transcripts/synth_047.txt	data/synthetic/Claude/refs/synth_047.json	data/synthetic/Claude/conversations/synth_047.json
synth_048	data/synthetic/Claude/transcripts/synth_048.txt	data/synthetic/Claude/refs/synth_048.json	data/synthetic/Claude/conversations/synth_048.json
synth_049	data/synthetic/Claude/transcripts/synth_049.txt	data/synthetic/Claude/refs/synth_049.json	data/synthetic/Claude/conversations/synth_049.json
synth_050	data/synthetic/Claude/transcripts/synth_050.txt	data/synthetic/Claude/refs/synth_050.json	data/synthetic/Claude/conversations/synth_050.json
synth_051	data/synthetic/Claude/transcripts/synth_051.txt	data/synthetic/Claude/refs/synth_051.json	data/synthetic/Claude/conversations/synth_051.json
synth_052	data/synthetic/Claude/transcripts/synth_052.txt	data/synthetic/Claude/refs/synth_052.json	data/synthetic/Claude/conversations/synth_052.json
synth_053	data/synthetic/Claude/transcripts/synth_053.txt	data/synthetic/Claude/refs/synth_053.json	data/synthetic/Claude/conversations/synth_053.json
synth_054	data/synthetic/Claude/transcripts/synth_054.txt	data/synthetic/Claude/refs/synth_054.json	data/synthetic/Claude/conversations/synth_054.json
synth_055	data/synthetic/Claude/transcripts/synth_055.txt	data/synthetic/Claude/refs/synth_055.json	data/synthetic/Claude/conversations/synth_055.json
synth_056	data/synthetic/Claude/transcripts/synth_056.txt	data/synthetic/Claude/refs/synth_056.json	data/synthetic/Claude/conversations/synth_056.json
synth_057	data/synthetic/Claude/transcripts/synth_057.txt	data/synthetic/Claude/refs/synth_057.json	data/synthetic/Claude/conversations/synth_057.json
synth_059	data/synthetic/Claude/transcripts/synth_059.txt	data/synthetic/Claude/refs/synth_059.json	data/synthetic/Claude/conversations/synth_059.json
synth_060	data/synthetic/Claude/transcripts/synth_060.txt	data/synthetic/Claude/refs/synth_060.json	data/synthetic/Claude/conversations/synth_060.json
synth_061	data/synthetic/Claude/transcripts/synth_061.txt	data/synthetic/Claude/refs/synth_061.json	data/synthetic/Claude/conversations/synth_061.json
synth_062	data/synthetic/Claude/transcripts/synth_062.txt	data/synthetic/Claude/refs/synth_062.json	data/synthetic/Claude/conversations/synth_062.json
synth_063	data/synthetic/Claude/transcripts/synth_063.txt	data/synthetic/Claude/refs/synth_063.json	data/synthetic/Claude/conversations/synth_063.json
synth_064	data/synthetic/Claude/transcripts/synth_064.txt	data/synthetic/Claude/refs/synth_064.json	data/synthetic/Claude/conversations/synth_064.json
synth_065	data/synthetic/Claude/transcripts/synth_065.txt	data/synthetic/Claude/refs/synth_065.json	data/synthetic/Claude/conversations/synth_065.json
synth_066	data/synthetic/Claude/transcripts/synth_066.txt	data/synthetic/Claude/refs/synth_066.json	data/synthetic/Claude/conversations/synth_066.json
synth_067	data/synthetic/Claude/transcripts/synth_067.txt	data/synthetic/Claude/refs/synth_067.json	data/synthetic/Claude/conversations/synth_067.json
synth_068	data/synthetic/Claude/transcripts/synth_068.txt	data/synthetic/Claude/refs/synth_068.json	data/synthetic/Claude/conversations/synth_068.json
synth_069	data/synthetic/Claude/transcripts/synth_069.txt	data/synthetic/Claude/refs/synth_069.json	data/synthetic/Claude/conversations/synth_069.json
synth_070	data/synthetic/Claude/transcripts/synth_070.txt	data/synthetic/Claude/refs/synth_070.json	data/synthetic/Claude/conversations/synth_070.json
synth_071	data/synthetic/Claude/transcripts/synth_071.txt	data/synthetic/Claude/refs/synth_071.json	data/synthetic/Claude/conversations/synth_071.json
synth_072	data/synthetic/Claude/transcripts/synth_072.txt	data/synthetic/Claude/refs/synth_072.json	data/synthetic/Claude/conversations/synth_072.json
synth_073	data/synthetic/Claude/transcripts/synth_073.txt	data/synthetic/Claude/refs/synth_073.json	data/synthetic/Claude/conversations/synth_073.json
synth_074	data/synthetic/Claude/transcripts/synth_074.txt	data/synthetic/Claude/refs/synth_074.json	data/synthetic/Claude/conversations/synth_074.json
synth_075	data/synthetic/Claude/transcripts/synth_075.txt	data/synthetic/Claude/refs/synth_075.json	data/synthetic/Claude/conversations/synth_075.json
synth_076	data/synthetic/Claude/transcripts/synth_076.txt	data/synthetic/Claude/refs/synth_076.json	data/synthetic/Claude/conversations/synth_076.json
synth_078	data/synthetic/Claude/transcripts/synth_078.txt	data/synthetic/Claude/refs/synth_078.json	data/synthetic/Claude/conversations/synth_078.json
synth_079	data/synthetic/Claude/transcripts/synth_079.txt	data/synthetic/Claude/refs/synth_079.json	data/synthetic/Claude/conversations/synth_079.json
synth_081	data/synthetic/Claude/transcripts/synth_081.txt	data/synthetic/Claude/refs/synth_081.json	data/synthetic/Claude/conversations/synth_081.json
synth_082	data/synthetic/Claude/transcripts/synth_082.txt	data/synthetic/Claude/refs/synth_082.json	data/synthetic/Claude/conversations/synth_082.json
synth_083	data/synthetic/Claude/transcripts/synth_083.txt	data/synthetic/Claude/refs/synth_083.json	data/synthetic/Claude/conversations/synth_083.json
synth_084	data/synthetic/Claude/transcripts/synth_084.txt	data/synthetic/Claude/refs/synth_084.json	data/synthetic/Claude/conversations/synth_084.json
synth_085	data/synthetic/Claude/transcripts/synth_085.txt	data/synthetic/Claude/refs/synth_085.json	data/synthetic/Claude/conversations/synth_085.json
synth_086	data/synthetic/Claude/transcripts/synth_086.txt	data/synthetic/Claude/refs/synth_086.json	data/synthetic/Claude/conversations/synth_086.json
synth_087	data/synthetic/Claude/transcripts/synth_087.txt	data/synthetic/Claude/refs/synth_087.json	data/synthetic/Claude/conversations/synth_087.json
synth_088	data/synthetic/Claude/transcripts/synth_088.txt	data/synthetic/Claude/refs/synth_088.json	data/synthetic/Claude/conversations/synth_088.json
synth_089	data/synthetic/Claude/transcripts/synth_089.txt	data/synthetic/Claude/refs/synth_089.json	data/synthetic/Claude/conversations/synth_089.json
synth_090	data/synthetic/Claude/transcripts/synth_090.txt	data/synthetic/Claude/refs/synth_090.json	data/synthetic/Claude/conversations/synth_090.json
synth_092	data/synthetic/Claude/transcripts/synth_092.txt	data/synthetic/Claude/refs/synth_092.json	data/synthetic/Claude/conversations/synth_092.json
synth_094	data/synthetic/Claude/transcripts/synth_094.txt	data/synthetic/Claude/refs/synth_094.json	data/synthetic/Claude/conversations/synth_094.json
synth_095	data/synthetic/Claude/transcripts/synth_095.txt	data/synthetic/Claude/refs/synth_095.json	data/synthetic/Claude/conversations/synth_095.json
synth_096	data/synthetic/Claude/transcripts/synth_096.txt	data/synthetic/Claude/refs/synth_096.json	data/synthetic/Claude/conversations/synth_096.json
synth_097	data/synthetic/Claude/transcripts/synth_097.txt	data/synthetic/Claude/refs/synth_097.json	data/synthetic/Claude/conversations/synth_097.json
synth_098	data/synthetic/Claude/transcripts/synth_098.txt	data/synthetic/Claude/refs/synth_098.json	data/synthetic/Claude/conversations/synth_098.json
synth_101	data/synthetic/Claude/transcripts/synth_101.txt	data/synthetic/Claude/refs/synth_101.json	data/synthetic/Claude/conversations/synth_101.json
synth_103	data/synthetic/Claude/transcripts/synth_103.txt	data/synthetic/Claude/refs/synth_103.json	data/synthetic/Claude/conversations/synth_103.json
synth_104	data/synthetic/Claude/transcripts/synth_104.txt	data/synthetic/Claude/refs/synth_104.json	data/synthetic/Claude/conversations/synth_104.json
synth_105	data/synthetic/Claude/transcripts/synth_105.txt	data/synthetic/Claude/refs/synth_105.json	data/synthetic/Claude/conversations/synth_105.json
synth_106	data/synthetic/Claude/transcripts/synth_106.txt	data/synthetic/Claude/refs/synth_106.json	data/synthetic/Claude/conversations/synth_106.json
synth_107	data/synthetic/Claude/transcripts/synth_107.txt	data/synthetic/Claude/refs/synth_107.json	data/synthetic/Claude/conversations/synth_107.json
synth_111	data/synthetic/Claude/transcripts/synth_111.txt	data/synthetic/Claude/refs/synth_111.json	data/synthetic/Claude/conversations/synth_111.json
synth_113	data/synthetic/Claude/transcripts/synth_113.txt	data/synthetic/Claude/refs/synth_113.json	data/synthetic/Claude/conversations/synth_113.json
synth_114	data/synthetic/Claude/transcripts/synth_114.txt	data/synthetic/Claude/refs/synth_114.json	data/synthetic/Claude/conversations/synth_114.json
synth_115	data/synthetic/Claude/transcripts/synth_115.txt	data/synthetic/Claude/refs/synth_115.json	data/synthetic/Claude/conversations/synth_115.json
synth_116	data/synthetic/Claude/transcripts/synth_116.txt	data/synthetic/Claude/refs/synth_116.json	data/synthetic/Claude/conversations/synth_116.json
synth_118	data/synthetic/Claude/transcripts/synth_118.txt	data/synthetic/Claude/refs/synth_118.json	data/synthetic/Claude/conversations/synth_118.json
synth_119	data/synthetic/Claude/transcripts/synth_119.txt	data/synthetic/Claude/refs/synth_119.json	data/synthetic/Claude/conversations/synth_119.json
synth_120	data/synthetic/Claude/transcripts/synth_120.txt	data/synthetic/Claude/refs/synth_120.json	data/synthetic/Claude/conversations/synth_120.json
synth_121	data/synthetic/Claude/transcripts/synth_121.txt	data/synthetic/Claude/refs/synth_121.json	data/synthetic/Claude/conversations/synth_121.json
synth_122	data/synthetic/Claude/transcripts/synth_122.txt	data/synthetic/Claude/refs/synth_122.json	data/synthetic/Claude/conversations/synth_122.json
synth_124	data/synthetic/Claude/transcripts/synth_124.txt	data/synthetic/Claude/refs/synth_124.json	data/synthetic/Claude/conversations/synth_124.json
synth_125	data/synthetic/Claude/transcripts/synth_125.txt	data/synthetic/Claude/refs/synth_125.json	data/synthetic/Claude/conversations/synth_125.json
synth_126	data/synthetic/Claude/transcripts/synth_126.txt	data/synthetic/Claude/refs/synth_126.json	data/synthetic/Claude/conversations/synth_126.json
synth_127	data/synthetic/Claude/transcripts/synth_127.txt	data/synthetic/Claude/refs/synth_127.json	data/synthetic/Claude/conversations/synth_127.json
synth_131	data/synthetic/Claude/transcripts/synth_131.txt	data/synthetic/Claude/refs/synth_131.json	data/synthetic/Claude/conversations/synth_131.json
synth_133	data/synthetic/Claude/transcripts/synth_133.txt	data/synthetic/Claude/refs/synth_133.json	data/synthetic/Claude/conversations/synth_133.json
synth_134	data/synthetic/Claude/transcripts/synth_134.txt	data/synthetic/Claude/refs/synth_134.json	data/synthetic/Claude/conversations/synth_134.json
synth_136	data/synthetic/Claude/transcripts/synth_136.txt	data/synthetic/Claude/refs/synth_136.json	data/synthetic/Claude/conversations/synth_136.json
synth_139	data/synthetic/Claude/transcripts/synth_139.txt	data/synthetic/Claude/refs/synth_139.json	data/synthetic/Claude/conversations/synth_139.json
synth_141	data/synthetic/Claude/transcripts/synth_141.txt	data/synthetic/Claude/refs/synth_141.json	data/synthetic/Claude/conversations/synth_141.json
synth_142	data/synthetic/Claude/transcripts/synth_142.txt	data/synthetic/Claude/refs/synth_142.json	data/synthetic/Claude/conversations/synth_142.json
synth_143	data/synthetic/Claude/transcripts/synth_143.txt	data/synthetic/Claude/refs/synth_143.json	data/synthetic/Claude/conversations/synth_143.json
synth_144	data/synthetic/Claude/transcripts/synth_144.txt	data/synthetic/Claude/refs/synth_144.json	data/synthetic/Claude/conversations/synth_144.json
synth_145	data/synthetic/Claude/transcripts/synth_145.txt	data/synthetic/Claude/refs/synth_145.json	data/synthetic/Claude/conversations/synth_145.json
synth_146	data/synthetic/Claude/transcripts/synth_146.txt	data/synthetic/Claude/refs/synth_146.json	data/synthetic/Claude/conversations/synth_146.json
synth_148	data/synthetic/Claude/transcripts/synth_148.txt	data/synthetic/Claude/refs/synth_148.json	data/synthetic/Claude/conversations/synth_148.json
synth_149	data/synthetic/Claude/transcripts/synth_149.txt	data/synthetic/Claude/refs/synth_149.json	data/synthetic/Claude/conversations/synth_149.json
synth_155	data/synthetic/Claude/transcripts/synth_155.txt	data/synthetic/Claude/refs/synth_155.json	data/synthetic/Claude/conversations/synth_155.json
synth_161	data/synthetic/Claude/transcripts/synth_161.txt	data/synthetic/Claude/refs/synth_161.json	data/synthetic/Claude/conversations/synth_161.json
synth_164	data/synthetic/Claude/transcripts/synth_164.txt	data/synthetic/Claude/refs/synth_164.json	data/synthetic/Claude/conversations/synth_164.json
synth_165	data/synthetic/Claude/transcripts/synth_165.txt	data/synthetic/Claude/refs/synth_165.json	data/synthetic/Claude/conversations/synth_165.json
synth_167	data/synthetic/Claude/transcripts/synth_167.txt	data/synthetic/Claude/refs/synth_167.json	data/synthetic/Claude/conversations/synth_167.json
synth_172	data/synthetic/Claude/transcripts/synth_172.txt	data/synthetic/Claude/refs/synth_172.json	data/synthetic/Claude/conversations/synth_172.json
synth_177	data/synthetic/Claude/transcripts/synth_177.txt	data/synthetic/Claude/refs/synth_177.json	data/synthetic/Claude/conversations/synth_177.json
synth_181	data/synthetic/Claude/transcripts/synth_181.txt	data/synthetic/Claude/refs/synth_181.json	data/synthetic/Claude/conversations/synth_181.json
synth_182	data/synthetic/Claude/transcripts/synth_182.txt	data/synthetic/Claude/refs/synth_182.json	data/synthetic/Claude/conversations/synth_182.json
synth_183	data/synthetic/Claude/transcripts/synth_183.txt	data/synthetic/Claude/refs/synth_183.json	data/synthetic/Claude/conversations/synth_183.json
synth_184	data/synthetic/Claude/transcripts/synth_184.txt	data/synthetic/Claude/refs/synth_184.json	data/synthetic/Claude/conversations/synth_184.json
synth_185	data/synthetic/Claude/transcripts/synth_185.txt	data/synthetic/Claude/refs/synth_185.json	data/synthetic/Claude/conversations/synth_185.json
synth_186	data/synthetic/Claude/transcripts/synth_186.txt	data/synthetic/Claude/refs/synth_186.json	data/synthetic/Claude/conversations/synth_186.json
synth_187	data/synthetic/Claude/transcripts/synth_187.txt	data/synthetic/Claude/refs/synth_187.json	data/synthetic/Claude/conversations/synth_187.json
synth_188	data/synthetic/Claude/transcripts/synth_188.txt	data/synthetic/Claude/refs/synth_188.json	data/synthetic/Claude/conversations/synth_188.json
synth_189	data/synthetic/Claude/transcripts/synth_189.txt	data/synthetic/Claude/refs/synth_189.json	data/synthetic/Claude/conversations/synth_189.json
synth_191	data/synthetic/Claude/transcripts/synth_191.txt	data/synthetic/Claude/refs/synth_191.json	data/synthetic/Claude/conversations/synth_191.json
synth_193	data/synthetic/Claude/transcripts/synth_193.txt	data/synthetic/Claude/refs/synth_193.json	data/synthetic/Claude/conversations/synth_193.json
synth_194	data/synthetic/Claude/transcripts/synth_194.txt	data/synthetic/Claude/refs/synth_194.json	data/synthetic/Claude/conversations/synth_194.json
synth_195	data/synthetic/Claude/transcripts/synth_195.txt	data/synthetic/Claude/refs/synth_195.json	data/synthetic/Claude/conversations/synth_195.json
synth_196	data/synthetic/Claude/transcripts/synth_196.txt	data/synthetic/Claude/refs/synth_196.json	data/synthetic/Claude/conversations/synth_196.json
synth_203	data/synthetic/Claude/transcripts/synth_203.txt	data/synthetic/Claude/refs/synth_203.json	data/synthetic/Claude/conversations/synth_203.json
synth_205	data/synthetic/Claude/transcripts/synth_205.txt	data/synthetic/Claude/refs/synth_205.json	data/synthetic/Claude/conversations/synth_205.json
synth_206	data/synthetic/Claude/transcripts/synth_206.txt	data/synthetic/Claude/refs/synth_206.json	data/synthetic/Claude/conversations/synth_206.json
synth_207	data/synthetic/Claude/transcripts/synth_207.txt	data/synthetic/Claude/refs/synth_207.json	data/synthetic/Claude/conversations/synth_207.json
synth_208	data/synthetic/Claude/transcripts/synth_208.txt	data/synthetic/Claude/refs/synth_208.json	data/synthetic/Claude/conversations/synth_208.json
synth_209	data/synthetic/Claude/transcripts/synth_209.txt	data/synthetic/Claude/refs/synth_209.json	data/synthetic/Claude/conversations/synth_209.json
synth_210	data/synthetic/Claude/transcripts/synth_210.txt	data/synthetic/Claude/refs/synth_210.json	data/synthetic/Claude/conversations/synth_210.json
synth_215	data/synthetic/Claude/transcripts/synth_215.txt	data/synthetic/Claude/refs/synth_215.json	data/synthetic/Claude/conversations/synth_215.json
synth_216	data/synthetic/Claude/transcripts/synth_216.txt	data/synthetic/Claude/refs/synth_216.json	data/synthetic/Claude/conversations/synth_216.json
synth_217	data/synthetic/Claude/transcripts/synth_217.txt	data/synthetic/Claude/refs/synth_217.json	data/synthetic/Claude/conversations/synth_217.json
synth_218	data/synthetic/Claude/transcripts/synth_218.txt	data/synthetic/Claude/refs/synth_218.json	data/synthetic/Claude/conversations/synth_218.json
synth_219	data/synthetic/Claude/transcripts/synth_219.txt	data/synthetic/Claude/refs/synth_219.json	data/synthetic/Claude/conversations/synth_219.json
synth_220	data/synthetic/Claude/transcripts/synth_220.txt	data/synthetic/Claude/refs/synth_220.json	data/synthetic/Claude/conversations/synth_220.json
synth_225	data/synthetic/Claude/transcripts/synth_225.txt	data/synthetic/Claude/refs/synth_225.json	data/synthetic/Claude/conversations/synth_225.json
synth_226	data/synthetic/Claude/transcripts/synth_226.txt	data/synthetic/Claude/refs/synth_226.json	data/synthetic/Claude/conversations/synth_226.json
synth_227	data/synthetic/Claude/transcripts/synth_227.txt	data/synthetic/Claude/refs/synth_227.json	data/synthetic/Claude/conversations/synth_227.json
synth_228	data/synthetic/Claude/transcripts/synth_228.txt	data/synthetic/Claude/refs/synth_228.json	data/synthetic/Claude/conversations/synth_228.json
synth_229	data/synthetic/Claude/transcripts/synth_229.txt	data/synthetic/Claude/refs/synth_229.json	data/synthetic/Claude/conversations/synth_229.json
synth_230	data/synthetic/Claude/transcripts/synth_230.txt	data/synthetic/Claude/refs/synth_230.json	data/synthetic/Claude/conversations/synth_230.json
synth_231	data/synthetic/Claude/transcripts/synth_231.txt	data/synthetic/Claude/refs/synth_231.json	data/synthetic/Claude/conversations/synth_231.json
synth_232	data/synthetic/Claude/transcripts/synth_232.txt	data/synthetic/Claude/refs/synth_232.json	data/synthetic/Claude/conversations/synth_232.json
synth_233	data/synthetic/Claude/transcripts/synth_233.txt	data/synthetic/Claude/refs/synth_233.json	data/synthetic/Claude/conversations/synth_233.json
synth_234	data/synthetic/Claude/transcripts/synth_234.txt	data/synthetic/Claude/refs/synth_234.json	data/synthetic/Claude/conversations/synth_234.json
synth_235	data/synthetic/Claude/transcripts/synth_235.txt	data/synthetic/Claude/refs/synth_235.json	data/synthetic/Claude/conversations/synth_235.json
synth_236	data/synthetic/Claude/transcripts/synth_236.txt	data/synthetic/Claude/refs/synth_236.json	data/synthetic/Claude/conversations/synth_236.json
synth_237	data/synthetic/Claude/transcripts/synth_237.txt	data/synthetic/Claude/refs/synth_237.json	data/synthetic/Claude/conversations/synth_237.json
synth_238	data/synthetic/Claude/transcripts/synth_238.txt	data/synthetic/Claude/refs/synth_238.json	data/synthetic/Claude/conversations/synth_238.json
synth_239	data/synthetic/Claude/transcripts/synth_239.txt	data/synthetic/Claude/refs/synth_239.json	data/synthetic/Claude/conversations/synth_239.json
synth_240	data/synthetic/Claude/transcripts/synth_240.txt	data/synthetic/Claude/refs/synth_240.json	data/synthetic/Claude/conversations/synth_240.json
synth_241	data/synthetic/Claude/transcripts/synth_241.txt	data/synthetic/Claude/refs/synth_241.json	data/synthetic/Claude/conversations/synth_241.json
synth_242	data/synthetic/Claude/transcripts/synth_242.txt	data/synthetic/Claude/refs/synth_242.json	data/synthetic/Claude/conversations/synth_242.json
synth_243	data/synthetic/Claude/transcripts/synth_243.txt	data/synthetic/Claude/refs/synth_243.json	data/synthetic/Claude/conversations/synth_243.json
synth_244	data/synthetic/Claude/transcripts/synth_244.txt	data/synthetic/Claude/refs/synth_244.json	data/synthetic/Claude/conversations/synth_244.json
synth_245	data/synthetic/Claude/transcripts/synth_245.txt	data/synthetic/Claude/refs/synth_245.json	data/synthetic/Claude/conversations/synth_245.json
synth_246	data/synthetic/Claude/transcripts/synth_246.txt	data/synthetic/Claude/refs/synth_246.json	data/synthetic/Claude/conversations/synth_246.json
synth_247	data/synthetic/Claude/transcripts/synth_247.txt	data/synthetic/Claude/refs/synth_247.json	data/synthetic/Claude/conversations/synth_247.json
synth_248	data/synthetic/Claude/transcripts/synth_248.txt	data/synthetic/Claude/refs/synth_248.json	data/synthetic/Claude/conversations/synth_248.json
synth_249	data/synthetic/Claude/transcripts/synth_249.txt	data/synthetic/Claude/refs/synth_249.json	data/synthetic/Claude/conversations/synth_249.json
synth_250	data/synthetic/Claude/transcripts/synth_250.txt	data/synthetic/Claude/refs/synth_250.json	data/synthetic/Claude/conversations/synth_250.json
synth_251	data/synthetic/Claude/transcripts/synth_251.txt	data/synthetic/Claude/refs/synth_251.json	data/synthetic/Claude/conversations/synth_251.json
synth_252	data/synthetic/Claude/transcripts/synth_252.txt	data/synthetic/Claude/refs/synth_252.json	data/synthetic/Claude/conversations/synth_252.json
synth_253	data/synthetic/Claude/transcripts/synth_253.txt	data/synthetic/Claude/refs/synth_253.json	data/synthetic/Claude/conversations/synth_253.json
synth_255	data/synthetic/Claude/transcripts/synth_255.txt	data/synthetic/Claude/refs/synth_255.json	data/synthetic/Claude/conversations/synth_255.json
synth_256	data/synthetic/Claude/transcripts/synth_256.txt	data/synthetic/Claude/refs/synth_256.json	data/synthetic/Claude/conversations/synth_256.json
synth_257	data/synthetic/Claude/transcripts/synth_257.txt	data/synthetic/Claude/refs/synth_257.json	data/synthetic/Claude/conversations/synth_257.json
synth_258	data/synthetic/Claude/transcripts/synth_258.txt	data/synthetic/Claude/refs/synth_258.json	data/synthetic/Claude/conversations/synth_258.json
synth_259	data/synthetic/Claude/transcripts/synth_259.txt	data/synthetic/Claude/refs/synth_259.json	data/synthetic/Claude/conversations/synth_259.json
synth_261	data/synthetic/Claude/transcripts/synth_261.txt	data/synthetic/Claude/refs/synth_261.json	data/synthetic/Claude/conversations/synth_261.json
synth_262	data/synthetic/Claude/transcripts/synth_262.txt	data/synthetic/Claude/refs/synth_262.json	data/synthetic/Claude/conversations/synth_262.json
synth_341	data/synthetic/Claude/transcripts/synth_341.txt	data/synthetic/Claude/refs/synth_341.json	data/synthetic/Claude/conversations/synth_341.json
synth_342	data/synthetic/Claude/transcripts/synth_342.txt	data/synthetic/Claude/refs/synth_342.json	data/synthetic/Claude/conversations/synth_342.json
synth_343	data/synthetic/Claude/transcripts/synth_343.txt	data/synthetic/Claude/refs/synth_343.json	data/synthetic/Claude/conversations/synth_343.json
synth_344	data/synthetic/Claude/transcripts/synth_344.txt	data/synthetic/Claude/refs/synth_344.json	data/synthetic/Claude/conversations/synth_344.json
synth_346	data/synthetic/Claude/transcripts/synth_346.txt	data/synthetic/Claude/refs/synth_346.json	data/synthetic/Claude/conversations/synth_346.json
synth_347	data/synthetic/Claude/transcripts/synth_347.txt	data/synthetic/Claude/refs/synth_347.json	data/synthetic/Claude/conversations/synth_347.json
synth_348	data/synthetic/Claude/transcripts/synth_348.txt	data/synthetic/Claude/refs/synth_348.json	data/synthetic/Claude/conversations/synth_348.json
synth_349	data/synthetic/Claude/transcripts/synth_349.txt	data/synthetic/Claude/refs/synth_349.json	data/synthetic/Claude/conversations/synth_349.json
synth_350	data/synthetic/Claude/transcripts/synth_350.txt	data/synthetic/Claude/refs/synth_350.json	data/synthetic/Claude/conversations/synth_350.json
synth_351	data/synthetic/Claude/transcripts/synth_351.txt	data/synthetic/Claude/refs/synth_351.json	data/synthetic/Claude/conversations/synth_351.json
synth_352	data/synthetic/Claude/transcripts/synth_352.txt	data/synthetic/Claude/refs/synth_352.json	data/synthetic/Claude/conversations/synth_352.json
synth_353	data/synthetic/Claude/transcripts/synth_353.txt	data/synthetic/Claude/refs/synth_353.json	data/synthetic/Claude/conversations/synth_353.json
synth_354	data/synthetic/Claude/transcripts/synth_354.txt	data/synthetic/Claude/refs/synth_354.json	data/synthetic/Claude/conversations/synth_354.json
synth_355	data/synthetic/Claude/transcripts/synth_355.txt	data/synthetic/Claude/refs/synth_355.json	data/synthetic/Claude/conversations/synth_355.json
synth_357	data/synthetic/Claude/transcripts/synth_357.txt	data/synthetic/Claude/refs/synth_357.json	data/synthetic/Claude/conversations/synth_357.json
synth_358	data/synthetic/Claude/transcripts/synth_358.txt	data/synthetic/Claude/refs/synth_358.json	data/synthetic/Claude/conversations/synth_358.json
synth_359	data/synthetic/Claude/transcripts/synth_359.txt	data/synthetic/Claude/refs/synth_359.json	data/synthetic/Claude/conversations/synth_359.json
synth_360	data/synthetic/Claude/transcripts/synth_360.txt	data/synthetic/Claude/refs/synth_360.json	data/synthetic/Claude/conversations/synth_360.json
synth_361	data/synthetic/Claude/transcripts/synth_361.txt	data/synthetic/Claude/refs/synth_361.json	data/synthetic/Claude/conversations/synth_361.json
synth_362	data/synthetic/Claude/transcripts/synth_362.txt	data/synthetic/Claude/refs/synth_362.json	data/synthetic/Claude/conversations/synth_362.json
synth_363	data/synthetic/Claude/transcripts/synth_363.txt	data/synthetic/Claude/refs/synth_363.json	data/synthetic/Claude/conversations/synth_363.json
synth_364	data/synthetic/Claude/transcripts/synth_364.txt	data/synthetic/Claude/refs/synth_364.json	data/synthetic/Claude/conversations/synth_364.json
synth_365	data/synthetic/Claude/transcripts/synth_365.txt	data/synthetic/Claude/refs/synth_365.json	data/synthetic/Claude/conversations/synth_365.json
synth_367	data/synthetic/Claude/transcripts/synth_367.txt	data/synthetic/Claude/refs/synth_367.json	data/synthetic/Claude/conversations/synth_367.json
synth_368	data/synthetic/Claude/transcripts/synth_368.txt	data/synthetic/Claude/refs/synth_368.json	data/synthetic/Claude/conversations/synth_368.json
synth_369	data/synthetic/Claude/transcripts/synth_369.txt	data/synthetic/Claude/refs/synth_369.json	data/synthetic/Claude/conversations/synth_369.json
synth_370	data/synthetic/Claude/transcripts/synth_370.txt	data/synthetic/Claude/refs/synth_370.json	data/synthetic/Claude/conversations/synth_370.json
synth_371	data/synthetic/Claude/transcripts/synth_371.txt	data/synthetic/Claude/refs/synth_371.json	data/synthetic/Claude/conversations/synth_371.json
synth_372	data/synthetic/Claude/transcripts/synth_372.txt	data/synthetic/Claude/refs/synth_372.json	data/synthetic/Claude/conversations/synth_372.json
synth_373	data/synthetic/Claude/transcripts/synth_373.txt	data/synthetic/Claude/refs/synth_373.json	data/synthetic/Claude/conversations/synth_373.json
synth_374	data/synthetic/Claude/transcripts/synth_374.txt	data/synthetic/Claude/refs/synth_374.json	data/synthetic/Claude/conversations/synth_374.json
synth_375	data/synthetic/Claude/transcripts/synth_375.txt	data/synthetic/Claude/refs/synth_375.json	data/synthetic/Claude/conversations/synth_375.json
synth_376	data/synthetic/Claude/transcripts/synth_376.txt	data/synthetic/Claude/refs/synth_376.json	data/synthetic/Claude/conversations/synth_376.json
synth_377	data/synthetic/Claude/transcripts/synth_377.txt	data/synthetic/Claude/refs/synth_377.json	data/synthetic/Claude/conversations/synth_377.json
synth_378	data/synthetic/Claude/transcripts/synth_378.txt	data/synthetic/Claude/refs/synth_378.json	data/synthetic/Claude/conversations/synth_378.json
synth_379	data/synthetic/Claude/transcripts/synth_379.txt	data/synthetic/Claude/refs/synth_379.json	data/synthetic/Claude/conversations/synth_379.json
synth_380	data/synthetic/Claude/transcripts/synth_380.txt	data/synthetic/Claude/refs/synth_380.json	data/synthetic/Claude/conversations/synth_380.json
synth_381	data/synthetic/Claude/transcripts/synth_381.txt	data/synthetic/Claude/refs/synth_381.json	data/synthetic/Claude/conversations/synth_381.json
synth_382	data/synthetic/Claude/transcripts/synth_382.txt	data/synthetic/Claude/refs/synth_382.json	data/synthetic/Claude/conversations/synth_382.json
synth_383	data/synthetic/Claude/transcripts/synth_383.txt	data/synthetic/Claude/refs/synth_383.json	data/synthetic/Claude/conversations/synth_383.json
synth_384	data/synthetic/Claude/transcripts/synth_384.txt	data/synthetic/Claude/refs/synth_384.json	data/synthetic/Claude/conversations/synth_384.json
synth_385	data/synthetic/Claude/transcripts/synth_385.txt	data/synthetic/Claude/refs/synth_385.json	data/synthetic/Claude/conversations/synth_385.json
synth_386	data/synthetic/Claude/transcripts/synth_386.txt	data/synthetic/Claude/refs/synth_386.json	data/synthetic/Claude/conversations/synth_386.json
synth_387	data/synthetic/Claude/transcripts/synth_387.txt	data/synthetic/Claude/refs/synth_387.json	data/synthetic/Claude/conversations/synth_387.json
synth_388	data/synthetic/Claude/transcripts/synth_388.txt	data/synthetic/Claude/refs/synth_388.json	data/synthetic/Claude/conversations/synth_388.json
synth_389	data/synthetic/Claude/transcripts/synth_389.txt	data/synthetic/Claude/refs/synth_389.json	data/synthetic/Claude/conversations/synth_389.json
synth_390	data/synthetic/Claude/transcripts/synth_390.txt	data/synthetic/Claude/refs/synth_390.json	data/synthetic/Claude/conversations/synth_390.json
synth_391	data/synthetic/Claude/transcripts/synth_391.txt	data/synthetic/Claude/refs/synth_391.json	data/synthetic/Claude/conversations/synth_391.json
synth_392	data/synthetic/Claude/transcripts/synth_392.txt	data/synthetic/Claude/refs/synth_392.json	data/synthetic/Claude/conversations/synth_392.json
synth_393	data/synthetic/Claude/transcripts/synth_393.txt	data/synthetic/Claude/refs/synth_393.json	data/synthetic/Claude/conversations/synth_393.json
synth_394	data/synthetic/Claude/transcripts/synth_394.txt	data/synthetic/Claude/refs/synth_394.json	data/synthetic/Claude/conversations/synth_394.json
synth_395	data/synthetic/Claude/transcripts/synth_395.txt	data/synthetic/Claude/refs/synth_395.json	data/synthetic/Claude/conversations/synth_395.json
synth_396	data/synthetic/Claude/transcripts/synth_396.txt	data/synthetic/Claude/refs/synth_396.json	data/synthetic/Claude/conversations/synth_396.json
synth_397	data/synthetic/Claude/transcripts/synth_397.txt	data/synthetic/Claude/refs/synth_397.json	data/synthetic/Claude/conversations/synth_397.json
synth_398	data/synthetic/Claude/transcripts/synth_398.txt	data/synthetic/Claude/refs/synth_398.json	data/synthetic/Claude/conversations/synth_398.json
synth_400	data/synthetic/Claude/transcripts/synth_400.txt	data/synthetic/Claude/refs/synth_400.json	data/synthetic/Claude/conversations/synth_400.json
synth_401	data/synthetic/Claude/transcripts/synth_401.txt	data/synthetic/Claude/refs/synth_401.json	data/synthetic/Claude/conversations/synth_401.json
synth_402	data/synthetic/Claude/transcripts/synth_402.txt	data/synthetic/Claude/refs/synth_402.json	data/synthetic/Claude/conversations/synth_402.json
synth_403	data/synthetic/Claude/transcripts/synth_403.txt	data/synthetic/Claude/refs/synth_403.json	data/synthetic/Claude/conversations/synth_403.json
synth_404	data/synthetic/Claude/transcripts/synth_404.txt	data/synthetic/Claude/refs/synth_404.json	data/synthetic/Claude/conversations/synth_404.json
synth_405	data/synthetic/Claude/transcripts/synth_405.txt	data/synthetic/Claude/refs/synth_405.json	data/synthetic/Claude/conversations/synth_405.json
synth_406	data/synthetic/Claude/transcripts/synth_406.txt	data/synthetic/Claude/refs/synth_406.json	data/synthetic/Claude/conversations/synth_406.json
synth_407	data/synthetic/Claude/transcripts/synth_407.txt	data/synthetic/Claude/refs/synth_407.json	data/synthetic/Claude/conversations/synth_407.json
synth_408	data/synthetic/Claude/transcripts/synth_408.txt	data/synthetic/Claude/refs/synth_408.json	data/synthetic/Claude/conversations/synth_408.json
synth_409	data/synthetic/Claude/transcripts/synth_409.txt	data/synthetic/Claude/refs/synth_409.json	data/synthetic/Claude/conversations/synth_409.json
synth_410	data/synthetic/Claude/transcripts/synth_410.txt	data/synthetic/Claude/refs/synth_410.json	data/synthetic/Claude/conversations/synth_410.json
synth_411	data/synthetic/Claude/transcripts/synth_411.txt	data/synthetic/Claude/refs/synth_411.json	data/synthetic/Claude/conversations/synth_411.json
synth_412	data/synthetic/Claude/transcripts/synth_412.txt	data/synthetic/Claude/refs/synth_412.json	data/synthetic/Claude/conversations/synth_412.json
synth_413	data/synthetic/Claude/transcripts/synth_413.txt	data/synthetic/Claude/refs/synth_413.json	data/synthetic/Claude/conversations/synth_413.json
synth_414	data/synthetic/Claude/transcripts/synth_414.txt	data/synthetic/Claude/refs/synth_414.json	data/synthetic/Claude/conversations/synth_414.json
synth_415	data/synthetic/Claude/transcripts/synth_415.txt	data/synthetic/Claude/refs/synth_415.json	data/synthetic/Claude/conversations/synth_415.json
synth_416	data/synthetic/Claude/transcripts/synth_416.txt	data/synthetic/Claude/refs/synth_416.json	data/synthetic/Claude/conversations/synth_416.json
synth_417	data/synthetic/Claude/transcripts/synth_417.txt	data/synthetic/Claude/refs/synth_417.json	data/synthetic/Claude/conversations/synth_417.json
synth_418	data/synthetic/Claude/transcripts/synth_418.txt	data/synthetic/Claude/refs/synth_418.json	data/synthetic/Claude/conversations/synth_418.json
synth_419	data/synthetic/Claude/transcripts/synth_419.txt	data/synthetic/Claude/refs/synth_419.json	data/synthetic/Claude/conversations/synth_419.json
synth_420	data/synthetic/Claude/transcripts/synth_420.txt	data/synthetic/Claude/refs/synth_420.json	data/synthetic/Claude/conversations/synth_420.json
synth_421	data/synthetic/Claude/transcripts/synth_421.txt	data/synthetic/Claude/refs/synth_421.json	data/synthetic/Claude/conversations/synth_421.json
synth_422	data/synthetic/Claude/transcripts/synth_422.txt	data/synthetic/Claude/refs/synth_422.json	data/synthetic/Claude/conversations/synth_422.json
synth_423	data/synthetic/Claude/transcripts/synth_423.txt	data/synthetic/Claude/refs/synth_423.json	data/synthetic/Claude/conversations/synth_423.json
synth_424	data/synthetic/Claude/transcripts/synth_424.txt	data/synthetic/Claude/refs/synth_424.json	data/synthetic/Claude/conversations/synth_424.json
synth_425	data/synthetic/Claude/transcripts/synth_425.txt	data/synthetic/Claude/refs/synth_425.json	data/synthetic/Claude/conversations/synth_425.json
synth_426	data/synthetic/Claude/transcripts/synth_426.txt	data/synthetic/Claude/refs/synth_426.json	data/synthetic/Claude/conversations/synth_426.json
synth_427	data/synthetic/Claude/transcripts/synth_427.txt	data/synthetic/Claude/refs/synth_427.json	data/synthetic/Claude/conversations/synth_427.json
synth_428	data/synthetic/Claude/transcripts/synth_428.txt	data/synthetic/Claude/refs/synth_428.json	data/synthetic/Claude/conversations/synth_428.json
synth_429	data/synthetic/Claude/transcripts/synth_429.txt	data/synthetic/Claude/refs/synth_429.json	data/synthetic/Claude/conversations/synth_429.json
synth_430	data/synthetic/Claude/transcripts/synth_430.txt	data/synthetic/Claude/refs/synth_430.json	data/synthetic/Claude/conversations/synth_430.json
synth_431	data/synthetic/Claude/transcripts/synth_431.txt	data/synthetic/Claude/refs/synth_431.json	data/synthetic/Claude/conversations/synth_431.json
synth_432	data/synthetic/Claude/transcripts/synth_432.txt	data/synthetic/Claude/refs/synth_432.json	data/synthetic/Claude/conversations/synth_432.json
synth_433	data/synthetic/Claude/transcripts/synth_433.txt	data/synthetic/Claude/refs/synth_433.json	data/synthetic/Claude/conversations/synth_433.json
synth_434	data/synthetic/Claude/transcripts/synth_434.txt	data/synthetic/Claude/refs/synth_434.json	data/synthetic/Claude/conversations/synth_434.json
synth_435	data/synthetic/Claude/transcripts/synth_435.txt	data/synthetic/Claude/refs/synth_435.json	data/synthetic/Claude/conversations/synth_435.json
synth_436	data/synthetic/Claude/transcripts/synth_436.txt	data/synthetic/Claude/refs/synth_436.json	data/synthetic/Claude/conversations/synth_436.json
synth_437	data/synthetic/Claude/transcripts/synth_437.txt	data/synthetic/Claude/refs/synth_437.json	data/synthetic/Claude/conversations/synth_437.json
synth_438	data/synthetic/Claude/transcripts/synth_438.txt	data/synthetic/Claude/refs/synth_438.json	data/synthetic/Claude/conversations/synth_438.json
synth_439	data/synthetic/Claude/transcripts/synth_439.txt	data/synthetic/Claude/refs/synth_439.json	data/synthetic/Claude/conversations/synth_439.json
synth_440	data/synthetic/Claude/transcripts/synth_440.txt	data/synthetic/Claude/refs/synth_440.json	data/synthetic/Claude/conversations/synth_440.json
synth_441	data/synthetic/Claude/transcripts/synth_441.txt	data/synthetic/Claude/refs/synth_441.json	data/synthetic/Claude/conversations/synth_441.json
synth_442	data/synthetic/Claude/transcripts/synth_442.txt	data/synthetic/Claude/refs/synth_442.json	data/synthetic/Claude/conversations/synth_442.json
synth_443	data/synthetic/Claude/transcripts/synth_443.txt	data/synthetic/Claude/refs/synth_443.json	data/synthetic/Claude/conversations/synth_443.json
synth_444	data/synthetic/Claude/transcripts/synth_444.txt	data/synthetic/Claude/refs/synth_444.json	data/synthetic/Claude/conversations/synth_444.json
synth_445	data/synthetic/Claude/transcripts/synth_445.txt	data/synthetic/Claude/refs/synth_445.json	data/synthetic/Claude/conversations/synth_445.json
synth_446	data/synthetic/Claude/transcripts/synth_446.txt	data/synthetic/Claude/refs/synth_446.json	data/synthetic/Claude/conversations/synth_446.json
synth_447	data/synthetic/Claude/transcripts/synth_447.txt	data/synthetic/Claude/refs/synth_447.json	data/synthetic/Claude/conversations/synth_447.json
synth_448	data/synthetic/Claude/transcripts/synth_448.txt	data/synthetic/Claude/refs/synth_448.json	data/synthetic/Claude/conversations/synth_448.json
synth_449	data/synthetic/Claude/transcripts/synth_449.txt	data/synthetic/Claude/refs/synth_449.json	data/synthetic/Claude/conversations/synth_449.json
synth_450	data/synthetic/Claude/transcripts/synth_450.txt	data/synthetic/Claude/refs/synth_450.json	data/synthetic/Claude/conversations/synth_450.json
synth_451	data/synthetic/Claude/transcripts/synth_451.txt	data/synthetic/Claude/refs/synth_451.json	data/synthetic/Claude/conversations/synth_451.json
synth_452	data/synthetic/Claude/transcripts/synth_452.txt	data/synthetic/Claude/refs/synth_452.json	data/synthetic/Claude/conversations/synth_452.json
synth_453	data/synthetic/Claude/transcripts/synth_453.txt	data/synthetic/Claude/refs/synth_453.json	data/synthetic/Claude/conversations/synth_453.json
synth_454	data/synthetic/Claude/transcripts/synth_454.txt	data/synthetic/Claude/refs/synth_454.json	data/synthetic/Claude/conversations/synth_454.json
synth_455	data/synthetic/Claude/transcripts/synth_455.txt	data/synthetic/Claude/refs/synth_455.json	data/synthetic/Claude/conversations/synth_455.json
synth_456	data/synthetic/Claude/transcripts/synth_456.txt	data/synthetic/Claude/refs/synth_456.json	data/synthetic/Claude/conversations/synth_456.json
synth_457	data/synthetic/Claude/transcripts/synth_457.txt	data/synthetic/Claude/refs/synth_457.json	data/synthetic/Claude/conversations/synth_457.json
synth_458	data/synthetic/Claude/transcripts/synth_458.txt	data/synthetic/Claude/refs/synth_458.json	data/synthetic/Claude/conversations/synth_458.json
synth_459	data/synthetic/Claude/transcripts/synth_459.txt	data/synthetic/Claude/refs/synth_459.json	data/synthetic/Claude/conversations/synth_459.json
synth_460	data/synthetic/Claude/transcripts/synth_460.txt	data/synthetic/Claude/refs/synth_460.json	data/synthetic/Claude/conversations/synth_460.json
synth_461	data/synthetic/Claude/transcripts/synth_461.txt	data/synthetic/Claude/refs/synth_461.json	data/synthetic/Claude/conversations/synth_461.json
synth_462	data/synthetic/Claude/transcripts/synth_462.txt	data/synthetic/Claude/refs/synth_462.json	data/synthetic/Claude/conversations/synth_462.json
synth_463	data/synthetic/Claude/transcripts/synth_463.txt	data/synthetic/Claude/refs/synth_463.json	data/synthetic/Claude/conversations/synth_463.json
synth_464	data/synthetic/Claude/transcripts/synth_464.txt	data/synthetic/Claude/refs/synth_464.json	data/synthetic/Claude/conversations/synth_464.json
synth_465	data/synthetic/Claude/transcripts/synth_465.txt	data/synthetic/Claude/refs/synth_465.json	data/synthetic/Claude/conversations/synth_465.json
synth_466	data/synthetic/Claude/transcripts/synth_466.txt	data/synthetic/Claude/refs/synth_466.json	data/synthetic/Claude/conversations/synth_466.json
synth_467	data/synthetic/Claude/transcripts/synth_467.txt	data/synthetic/Claude/refs/synth_467.json	data/synthetic/Claude/conversations/synth_467.json
synth_468	data/synthetic/Claude/transcripts/synth_468.txt	data/synthetic/Claude/refs/synth_468.json	data/synthetic/Claude/conversations/synth_468.json
synth_469	data/synthetic/Claude/transcripts/synth_469.txt	data/synthetic/Claude/refs/synth_469.json	data/synthetic/Claude/conversations/synth_469.json
synth_470	data/synthetic/Claude/transcripts/synth_470.txt	data/synthetic/Claude/refs/synth_470.json	data/synthetic/Claude/conversations/synth_470.json
synth_471	data/synthetic/Claude/transcripts/synth_471.txt	data/synthetic/Claude/refs/synth_471.json	data/synthetic/Claude/conversations/synth_471.json
synth_472	data/synthetic/Claude/transcripts/synth_472.txt	data/synthetic/Claude/refs/synth_472.json	data/synthetic/Claude/conversations/synth_472.json
synth_473	data/synthetic/Claude/transcripts/synth_473.txt	data/synthetic/Claude/refs/synth_473.json	data/synthetic/Claude/conversations/synth_473.json
synth_474	data/synthetic/Claude/transcripts/synth_474.txt	data/synthetic/Claude/refs/synth_474.json	data/synthetic/Claude/conversations/synth_474.json
synth_475	data/synthetic/Claude/transcripts/synth_475.txt	data/synthetic/Claude/refs/synth_475.json	data/synthetic/Claude/conversations/synth_475.json
synth_476	data/synthetic/Claude/transcripts/synth_476.txt	data/synthetic/Claude/refs/synth_476.json	data/synthetic/Claude/conversations/synth_476.json
synth_477	data/synthetic/Claude/transcripts/synth_477.txt	data/synthetic/Claude/refs/synth_477.json	data/synthetic/Claude/conversations/synth_477.json
synth_478	data/synthetic/Claude/transcripts/synth_478.txt	data/synthetic/Claude/refs/synth_478.json	data/synthetic/Claude/conversations/synth_478.json
synth_479	data/synthetic/Claude/transcripts/synth_479.txt	data/synthetic/Claude/refs/synth_479.json	data/synthetic/Claude/conversations/synth_479.json
synth_481	data/synthetic/Claude/transcripts/synth_481.txt	data/synthetic/Claude/refs/synth_481.json	data/synthetic/Claude/conversations/synth_481.json
synth_482	data/synthetic/Claude/transcripts/synth_482.txt	data/synthetic/Claude/refs/synth_482.json	data/synthetic/Claude/conversations/synth_482.json
synth_484	data/synthetic/Claude/transcripts/synth_484.txt	data/synthetic/Claude/refs/synth_484.json	data/synthetic/Claude/conversations/synth_484.json
synth_486	data/synthetic/Claude/transcripts/synth_486.txt	data/synthetic/Claude/refs/synth_486.json	data/synthetic/Claude/conversations/synth_486.json
synth_487	data/synthetic/Claude/transcripts/synth_487.txt	data/synthetic/Claude/refs/synth_487.json	data/synthetic/Claude/conversations/synth_487.json
synth_488	data/synthetic/Claude/transcripts/synth_488.txt	data/synthetic/Claude/refs/synth_488.json	data/synthetic/Claude/conversations/synth_488.json
synth_489	data/synthetic/Claude/transcripts/synth_489.txt	data/synthetic/Claude/refs/synth_489.json	data/synthetic/Claude/conversations/synth_489.json
synth_490	data/synthetic/Claude/transcripts/synth_490.txt	data/synthetic/Claude/refs/synth_490.json	data/synthetic/Claude/conversations/synth_490.json
synth_491	data/synthetic/Claude/transcripts/synth_491.txt	data/synthetic/Claude/refs/synth_491.json	data/synthetic/Claude/conversations/synth_491.json
synth_492	data/synthetic/Claude/transcripts/synth_492.txt	data/synthetic/Claude/refs/synth_492.json	data/synthetic/Claude/conversations/synth_492.json
synth_493	data/synthetic/Claude/transcripts/synth_493.txt	data/synthetic/Claude/refs/synth_493.json	data/synthetic/Claude/conversations/synth_493.json
synth_494	data/synthetic/Claude/transcripts/synth_494.txt	data/synthetic/Claude/refs/synth_494.json	data/synthetic/Claude/conversations/synth_494.json
synth_495	data/synthetic/Claude/transcripts/synth_495.txt	data/synthetic/Claude/refs/synth_495.json	data/synthetic/Claude/conversations/synth_495.json
synth_496	data/synthetic/Claude/transcripts/synth_496.txt	data/synthetic/Claude/refs/synth_496.json	data/synthetic/Claude/conversations/synth_496.json
synth_497	data/synthetic/Claude/transcripts/synth_497.txt	data/synthetic/Claude/refs/synth_497.json	data/synthetic/Claude/conversations/synth_497.json
synth_498	data/synthetic/Claude/transcripts/synth_498.txt	data/synthetic/Claude/refs/synth_498.json	data/synthetic/Claude/conversations/synth_498.json
synth_499	data/synthetic/Claude/transcripts/synth_499.txt	data/synthetic/Claude/refs/synth_499.json	data/synthetic/Claude/conversations/synth_499.json
synth_500	data/synthetic/Claude/transcripts/synth_500.txt	data/synthetic/Claude/refs/synth_500.json	data/synthetic/Claude/conversations/synth_500.json
synth_502	data/synthetic/Claude/transcripts/synth_502.txt	data/synthetic/Claude/refs/synth_502.json	data/synthetic/Claude/conversations/synth_502.json
synth_504	data/synthetic/Claude/transcripts/synth_504.txt	data/synthetic/Claude/refs/synth_504.json	data/synthetic/Claude/conversations/synth_504.json
synth_505	data/synthetic/Claude/transcripts/synth_505.txt	data/synthetic/Claude/refs/synth_505.json	data/synthetic/Claude/conversations/synth_505.json
synth_506	data/synthetic/Claude/transcripts/synth_506.txt	data/synthetic/Claude/refs/synth_506.json	data/synthetic/Claude/conversations/synth_506.json
synth_507	data/synthetic/Claude/transcripts/synth_507.txt	data/synthetic/Claude/refs/synth_507.json	data/synthetic/Claude/conversations/synth_507.json
synth_508	data/synthetic/Claude/transcripts/synth_508.txt	data/synthetic/Claude/refs/synth_508.json	data/synthetic/Claude/conversations/synth_508.json
synth_509	data/synthetic/Claude/transcripts/synth_509.txt	data/synthetic/Claude/refs/synth_509.json	data/synthetic/Claude/conversations/synth_509.json
synth_511	data/synthetic/Claude/transcripts/synth_511.txt	data/synthetic/Claude/refs/synth_511.json	data/synthetic/Claude/conversations/synth_511.json
